LOS,E(gang | LOS),P(LOS)
1,3.14058,0.25
2,2.412802,0.35
3,1.917192,0.2
4,1.596041,0.1
5,1.273317,0.1
